target_params,allocation,hidden_dims,parameter_count,accuracy_mean,accuracy_std,knn_mean,knn_std,distance_mean,distance_std,first_pc_mean,first_pc_std,arc_r2_mean,arc_r2_std,n_runs
1000,back_loaded,"(5, 10, 20)",967,0.9736666666666667,0.0037416573867739516,0.9415466666666668,0.017254413284078278,0.8770667445351681,0.03806487938321759,0.6071419060230255,0.08639531673146837,0.9792468201664285,0.0066652964507525935,5
1000,front_loaded,"(32, 16, 8)",1048,0.9734,0.005932022327072703,0.9527466666666667,0.01713601794791051,0.8723274673287131,0.0902933877059956,0.5997405886650086,0.05723922179459258,0.9537330919145074,0.024670485354605497,5
1000,uniform,"(15, 15, 15)",1037,0.9726666666666667,0.002857738033247054,0.9527066666666668,0.009519027728129046,0.8968979365770056,0.020170710983950887,0.5808208823204041,0.04307847902076428,0.9854726423703483,0.00953458468025582,5
